{"cameraMode":{"drawMode":0,"name":"Shaded","section":"Shading Mode"},"sceneLighting":true,"audioPlay":false,"sceneViewState":{"m_AlwaysRefresh":false,"showFog":true,"showSkybox":true,"showFlares":true,"showImageEffects":true,"showParticleSystems":true,"showVisualEffectGraphs":true,"m_FxEnabled":true},"in2DMode":false,"pivot":{"x":315.34881591796877,"y":145.05471801757813,"z":156.13076782226563},"rotation":{"x":-0.019316330552101136,"y":0.9366565346717835,"z":-0.05233081057667732,"w":-0.3458375036716461},"size":3.7977592945098879,"orthographic":false}