{"cameraMode":{"drawMode":0,"name":"Shaded","section":"Shading Mode"},"sceneLighting":true,"audioPlay":false,"sceneViewState":{"m_AlwaysRefresh":false,"showFog":true,"showSkybox":true,"showFlares":true,"showImageEffects":true,"showParticleSystems":true,"showVisualEffectGraphs":true,"m_FxEnabled":true},"in2DMode":false,"pivot":{"x":1.8521567583084107,"y":8.249890327453614,"z":0.653082549571991},"rotation":{"x":-0.010794642381370068,"y":0.8806106448173523,"z":-0.020092163234949113,"w":-0.4733312726020813},"size":22.38292121887207,"orthographic":false}